{"typ": 2, "d": {"0": {"num": "135", "name": "Markus Papenbrock", "tn": "Markus Papenbrock", "uid": 19286, "tid": 0, "ir": 1, "cc": "0x0088ff", "lic": "0x153db", "licsub": 1, "pos": 1, "posf3": 32, "cpos": 1, "posbest": 1, "cposbest": 1, "as": 0, "ms": 0, "rc": 0, "rcf3": 0, "g": 0, "cg": 0, "gd": 0, "l": 0, "b": 0, "lc": 0, "sti": 0.0, "p": 0, "pr": false, "ps": 0, "np": 0, "ni": 0, "clubname": 0, "qualy": 9999, "sec": {"S1": -1, "S1t": -1, "S2": -1, "S2t": -1}, "pts": 0, "ts": -1, "lr": 32768, "fr": 0, "spos": 0, "scpos": 0, "classid": 5, "cts": -1, "ir_gain": 1, "dp": 0.0, "s": 0.0, "tops": 0.0, "a": 0.0, "rt": 0.0, "st": 0.0, "tow": 0.0}}, "expired": 0, "time_e": {"0": 0}, "is_live": 1, "st": 230.93333314267417, "state": 4, "laps_l": 0, "lead_lc": -1, "teamracing": 0, "skies": 0, "tracktemp": 33.333335876464844, "airtemp": 18.33333396911621, "airpress": 28.864116668701172, "airdens": 1.202465295791626, "humidity": 0.7193207144737244, "windspeed": 3.076042413711548, "winddir": 3.0845580101013184, "fog": 0.0, "tod": "15:16:51", "sn": 0, "sid": 0, "srid": 0, "styp": "Offline Testing", "sname": "TESTING", "qinv": 0, "nb_sec": 2, "u": 1, "isontrack": false, "cts": -1, "pitpct": 0.781215, "oil": 77.0, "w": 77.0, "p100": 0.0, "p400": 0.0, "p1000": 0.0, "p100d": 0.0, "p400s": 0.0, "p1000s": 0.0, "inc": 0, "plost": 0, "mgua_gain": null, "fuel_mixture": null, "peak_bb": null, "diff_preload": null, "diff_entry": null, "vW": 0, "d_a": 0, "d_tot": 0, "st_avg": 0, "st_ref": 0, "tot_ref": 0.0, "new_tot": 0, "catch_0": 9999, "catch_1": 9999, "catch_2": 9999, "catchpit_0": 9999, "catchpit_1": 9999, "catchpit_2": 9999, "cc_0": " #0088ff", "cc_1": " #9e9e9e", "cc_2": " #9e9e9e", "ccpit_0": " #0088ff", "ccpit_1": " #9e9e9e", "ccpit_2": " #9e9e9e", "tstamp": 1558888125.11, "fuel_accurate": 0, "load_track_data": 0, "s_c": {}, "tct": 1558887914.8685253, "pexit": 0, "stm": 0, "f": 120.0, "fn": 0.0, "fn5": 0.0, "rf_m": 0.0, "rf_a": 0.0, "rf_an": 0.0, "estlaps": 0.0, "flag": "0b10000000000000000001000000000", "t": 0.0, "b": 100.0, "gr": 0, "s": 0.0, "rpm": 300, "reload": 0, "f3": 0, "trm": 0, "up": 0, "down": 0, "leader": {"80": -1, "5": 0}, "try_v": 1, "pro_v": 1, "c": 0, "co": 0.0, "trackname": "Centripetal Circuit", "estim_status": 0, "f_sf": 0.0, "tr": 604800.0, "f_alert": 0, "estlaps_bg1_pct": 0, "lapsremain_bg1_pct": 0, "gap_pct_lastlap": 0, "lead_lap": 1, "co5": 0.0, "bb": 0.0, "tc": 0.0, "abs": 0.0, "g_lon": 0.0, "g_lat": 0.0, "t_sh": 0.0, "tc_tog": false, "svfuel": 0.0, "w_a": 0.0, "d_b": 0.0, "d_l": 0.0, "yaw": 0.0, "warn": "0b0", "dp": 0.0, "pss": 0, "ffbpct": 0.0, "p": false, "shift": [0, 0], "ffb": 0.0, "lr": 32768, "idx_pos": {"1": 0, "2": -1, "3": -1, "4": -1, "5": -1, "6": -1, "7": -1, "8": -1, "9": -1, "10": -1, "11": -1, "12": -1, "13": -1, "14": -1, "15": -1, "16": -1, "17": -1, "18": -1, "19": -1, "20": -1, "21": -1, "22": -1, "23": -1, "24": -1, "25": -1, "26": -1, "27": -1, "28": -1, "29": -1, "30": -1, "31": -1, "32": -1, "33": -1, "34": -1, "35": -1, "36": -1, "37": -1, "38": -1, "39": -1, "40": -1, "41": -1, "42": -1, "43": -1, "44": -1, "45": -1, "46": -1, "47": -1, "48": -1, "49": -1, "50": -1, "51": -1, "52": -1, "53": -1, "54": -1, "55": -1, "56": -1, "57": -1, "58": -1, "59": -1, "60": -1, "61": -1, "62": -1, "63": -1, "64": -1}, "idx_posf3": {"1": -1, "2": -1, "3": -1, "4": -1, "5": -1, "6": -1, "7": -1, "8": -1, "9": -1, "10": -1, "11": -1, "12": -1, "13": -1, "14": -1, "15": -1, "16": -1, "17": -1, "18": -1, "19": -1, "20": -1, "21": -1, "22": -1, "23": -1, "24": -1, "25": -1, "26": -1, "27": -1, "28": -1, "29": -1, "30": -1, "31": -1, "32": 0, "33": -1, "34": -1, "35": -1, "36": -1, "37": -1, "38": -1, "39": -1, "40": -1, "41": -1, "42": -1, "43": -1, "44": -1, "45": -1, "46": -1, "47": -1, "48": -1, "49": -1, "50": -1, "51": -1, "52": -1, "53": -1, "54": -1, "55": -1, "56": -1, "57": -1, "58": -1, "59": -1, "60": -1, "61": -1, "62": -1, "63": -1, "64": -1}, "p1": 0, "s_init": 0, "nb_events": 0}