[{"id":396,"event_type":"laptime","message":{"caridx":12,"lapnum":15,"laptime_raw":96.884,"laptime":"Greg Barber - 1:36.884 [&nbsp;&nbsp;6 - 1:36.659]  - 42.8\u00b0C","laptype":0},"session_time":1675},{"id":395,"event_type":"laptime","message":{"caridx":20,"lapnum":15,"laptime_raw":99.315,"laptime":"Dan Haneveer - 1:39.315 [14 - 1:40.083]  - 42.8\u00b0C","laptype":0},"session_time":1643},{"id":394,"event_type":"laptime","message":{"caridx":19,"lapnum":15,"laptime_raw":99.937,"laptime":"Craig Deshon - 1:39.937 [14 - 1:39.061]  - 42.8\u00b0C","laptype":0},"session_time":1631},{"id":393,"event_type":"laptime","message":{"caridx":18,"lapnum":15,"laptime_raw":99.313,"laptime":"Mark Jeffery - 1:39.313 [14 - 1:38.900]  - 42.8\u00b0C","laptype":0},"session_time":1629},{"id":392,"event_type":"laptime","message":{"caridx":4,"lapnum":15,"laptime_raw":96.71,"laptime":"Enzo Canta - 1:36.710 [12 - 1:36.980]  - 42.8\u00b0C","laptype":0},"session_time":1629},{"id":391,"event_type":"laptime","message":{"caridx":17,"lapnum":15,"laptime_raw":99.016,"laptime":"Les Peck - 1:39.016 [14 - 1:38.625]  - 42.8\u00b0C","laptype":0},"session_time":1623},{"id":390,"event_type":"laptime","message":{"caridx":16,"lapnum":15,"laptime_raw":98.08,"laptime":"Luke Sweetnam - 1:38.080 [14 - 1:38.549]  - 42.8\u00b0C","laptype":0},"session_time":1623},{"id":389,"event_type":"laptime","message":{"caridx":13,"lapnum":15,"laptime_raw":96.723,"laptime":"Juan Jose Diaz Salvado - 1:36.723 [14 - 1:38.325]  - 42.8\u00b0C","laptype":2},"session_time":1615},{"id":388,"event_type":"laptime","message":{"caridx":1,"lapnum":15,"laptime_raw":98.329,"laptime":"Simon Edwards - 1:38.329 [14 - 1:37.662]  - 42.8\u00b0C","laptype":0},"session_time":1607},{"id":387,"event_type":"laptime","message":{"caridx":11,"lapnum":15,"laptime_raw":97.858,"laptime":"Benn Snell - 1:37.858 [14 - 1:37.736]  - 42.8\u00b0C","laptype":0},"session_time":1607},{"id":386,"event_type":"Overtake","message":"#4 Enzo Canta has overtaken #18 Mark Jeffery for P14 in his class","session_time":1606},{"id":385,"event_type":"laptime","message":{"caridx":6,"lapnum":15,"laptime_raw":97.29,"laptime":"Toshimasa Hanada - 1:37.290 [14 - 1:37.274]  - 42.8\u00b0C","laptype":0},"session_time":1603},{"id":384,"event_type":"laptime","message":{"caridx":10,"lapnum":15,"laptime_raw":97.099,"laptime":"Kevin Henderson - 1:37.099 [14 - 1:37.278]  - 42.8\u00b0C","laptype":0},"session_time":1601},{"id":383,"event_type":"laptime","message":{"caridx":5,"lapnum":15,"laptime_raw":96.854,"laptime":"Teemu Vaskilampi - 1:36.854 [14 - 1:36.955]  - 42.8\u00b0C","laptype":0},"session_time":1595},{"id":382,"event_type":"laptime","message":{"caridx":8,"lapnum":15,"laptime_raw":96.809,"laptime":"H\u00e5kon Grebstad - 1:36.809 [14 - 1:37.006]  - 42.8\u00b0C","laptype":0},"session_time":1595},{"id":381,"event_type":"laptime","message":{"caridx":9,"lapnum":15,"laptime_raw":97.35,"laptime":"Anthony Catt - 1:37.350 [14 - 1:36.827]  - 42.8\u00b0C","laptype":0},"session_time":1593},{"id":380,"event_type":"laptime","message":{"caridx":2,"lapnum":15,"laptime_raw":97.907,"laptime":"Julien AUFFRET - 1:37.907 [14 - 1:36.852]  - 42.8\u00b0C","laptype":0},"session_time":1593},{"id":379,"event_type":"laptime","message":{"caridx":3,"lapnum":15,"laptime_raw":98.036,"laptime":"Sacha Gorl\u00e9 - 1:38.036 [14 - 1:36.904]  - 42.8\u00b0C","laptype":0},"session_time":1593},{"id":378,"event_type":"Checkered Flag","message":"#3 Sacha Gorl\u00e9 is the Winner in his class.","session_time":1592},{"id":377,"event_type":"3-wide","message":"#3, #2 and #9 are in 3-wide.","session_time":1589},{"id":376,"event_type":"Overtake","message":"#4 Enzo Canta has overtaken #19 Craig Deshon for P15 in his class","session_time":1587},{"id":375,"event_type":"Overtake","message":"#2 Julien AUFFRET has overtaken #9 Anthony Catt for P2 in his class","session_time":1583},{"id":374,"event_type":"Overtake","message":"#11 Benn Snell has overtaken #1 Simon Edwards for P8 in his class","session_time":1581},{"id":373,"event_type":"Overtake","message":"#1 Simon Edwards has overtaken #11 Benn Snell for P8 in his class","session_time":1579},{"id":372,"event_type":"3-wide","message":"#3, #9 and #2 are in 3-wide.","session_time":1579},{"id":371,"event_type":"laptime","message":{"caridx":12,"lapnum":14,"laptime_raw":96.443,"laptime":"Greg Barber - 1:36.443 [&nbsp;&nbsp;5 - 1:36.614]  - 42.8\u00b0C","laptype":2},"session_time":1578},{"id":370,"event_type":"Overtake","message":"#11 Benn Snell has overtaken #1 Simon Edwards for P8 in his class","session_time":1576},{"id":369,"event_type":"Overtake","message":"#3 Sacha Gorl\u00e9 has overtaken #9 Anthony Catt for P1 in his class","session_time":1571},{"id":368,"event_type":"New Leader","message":"#3 Sacha Gorl\u00e9 is now leading his class!","session_time":1571},{"id":367,"event_type":"laptime","message":{"caridx":7,"lapnum":14,"laptime_raw":101.957,"laptime":"Sami J T\u00f6ykk\u00e4l\u00e4 - 1:41.957 *  [13 - 1:38.300]  - 42.8\u00b0C","laptype":0},"session_time":1562},{"id":366,"event_type":"Overtake","message":"#9 Anthony Catt has overtaken #3 Sacha Gorl\u00e9 for P1 in his class","session_time":1557},{"id":365,"event_type":"New Leader","message":"#9 Anthony Catt is now leading his class!","session_time":1557},{"id":364,"event_type":"Overtake","message":"#9 Anthony Catt has overtaken #2 Julien AUFFRET for P2 in his class","session_time":1556},{"id":363,"event_type":"3-wide","message":"#3, #2 and #9 are in 3-wide.","session_time":1555},{"id":362,"event_type":"Overtake","message":"#3 Sacha Gorl\u00e9 has overtaken #2 Julien AUFFRET for P1 in his class","session_time":1554},{"id":361,"event_type":"New Leader","message":"#3 Sacha Gorl\u00e9 is now leading his class!","session_time":1554},{"id":360,"event_type":"Overtake","message":"#2 Julien AUFFRET has overtaken #3 Sacha Gorl\u00e9 for P1 in his class","session_time":1550},{"id":359,"event_type":"New Leader","message":"#2 Julien AUFFRET is now leading his class!","session_time":1550},{"id":358,"event_type":"Overtake","message":"#1 Simon Edwards has overtaken #11 Benn Snell for P8 in his class","session_time":1545},{"id":357,"event_type":"laptime","message":{"caridx":20,"lapnum":14,"laptime_raw":99.278,"laptime":"Dan Haneveer - 1:39.278 [13 - 1:40.142]  - 42.8\u00b0C","laptype":0},"session_time":1542},{"id":356,"event_type":"Overtake","message":"#11 Benn Snell has overtaken #1 Simon Edwards for P8 in his class","session_time":1536},{"id":355,"event_type":"Overtake","message":"#3 Sacha Gorl\u00e9 has overtaken #2 Julien AUFFRET for P1 in his class","session_time":1534},{"id":354,"event_type":"New Leader","message":"#3 Sacha Gorl\u00e9 is now leading his class!","session_time":1534},{"id":353,"event_type":"Overtake","message":"#1 Simon Edwards has overtaken #11 Benn Snell for P8 in his class","session_time":1533},{"id":352,"event_type":"laptime","message":{"caridx":4,"lapnum":14,"laptime_raw":96.963,"laptime":"Enzo Canta - 1:36.963 [11 - 1:37.005]  - 42.8\u00b0C","laptype":0},"session_time":1532},{"id":351,"event_type":"Overtake","message":"#11 Benn Snell has overtaken #1 Simon Edwards for P8 in his class","session_time":1531},{"id":350,"event_type":"laptime","message":{"caridx":19,"lapnum":14,"laptime_raw":98.164,"laptime":"Craig Deshon - 1:38.164 [13 - 1:38.993]  - 42.8\u00b0C","laptype":2},"session_time":1530},{"id":349,"event_type":"laptime","message":{"caridx":18,"lapnum":14,"laptime_raw":98.169,"laptime":"Mark Jeffery - 1:38.169 [13 - 1:38.868]  - 42.8\u00b0C","laptype":0},"session_time":1530},{"id":348,"event_type":"Overtake","message":"#2 Julien AUFFRET has overtaken #3 Sacha Gorl\u00e9 for P1 in his class","session_time":1528},{"id":347,"event_type":"New Leader","message":"#2 Julien AUFFRET is now leading his class!","session_time":1528},{"id":346,"event_type":"laptime","message":{"caridx":17,"lapnum":14,"laptime_raw":97.684,"laptime":"Les Peck - 1:37.684 [13 - 1:38.594]  - 42.8\u00b0C","laptype":0},"session_time":1524},{"id":345,"event_type":"laptime","message":{"caridx":16,"lapnum":14,"laptime_raw":98.131,"laptime":"Luke Sweetnam - 1:38.131 [13 - 1:38.585]  - 42.8\u00b0C","laptype":0},"session_time":1524},{"id":344,"event_type":"laptime","message":{"caridx":13,"lapnum":14,"laptime_raw":96.914,"laptime":"Juan Jose Diaz Salvado - 1:36.914 [13 - 1:38.449]  - 42.8\u00b0C","laptype":0},"session_time":1518},{"id":343,"event_type":"laptime","message":{"caridx":11,"lapnum":14,"laptime_raw":96.979,"laptime":"Benn Snell - 1:36.979 [13 - 1:37.727]  - 42.8\u00b0C","laptype":0},"session_time":1508},{"id":342,"event_type":"laptime","message":{"caridx":1,"lapnum":14,"laptime_raw":97.099,"laptime":"Simon Edwards - 1:37.099 [13 - 1:37.610]  - 42.8\u00b0C","laptype":0},"session_time":1508},{"id":341,"event_type":"laptime","message":{"caridx":6,"lapnum":14,"laptime_raw":96.878,"laptime":"Toshimasa Hanada - 1:36.878 [13 - 1:37.273]  - 42.8\u00b0C","laptype":0},"session_time":1504},{"id":340,"event_type":"laptime","message":{"caridx":10,"lapnum":14,"laptime_raw":97.009,"laptime":"Kevin Henderson - 1:37.009 [13 - 1:37.292]  - 42.8\u00b0C","laptype":0},"session_time":1504},{"id":339,"event_type":"Best Lap","message":"#5 Teemu Vaskilampi set a new best lap in his class! Lap: 14, time: 1:36.079.","session_time":1498},{"id":338,"event_type":"laptime","message":{"caridx":5,"lapnum":14,"laptime_raw":96.079,"laptime":"Teemu Vaskilampi - 1:36.079 [13 - 1:36.963]  - 42.8\u00b0C","laptype":2},"session_time":1498},{"id":337,"event_type":"laptime","message":{"caridx":8,"lapnum":14,"laptime_raw":96.405,"laptime":"H\u00e5kon Grebstad - 1:36.405 [13 - 1:37.021]  - 42.8\u00b0C","laptype":0},"session_time":1498},{"id":336,"event_type":"Best Lap","message":"#9 Anthony Catt set a new best lap in his class! Lap: 14, time: 1:36.088.","session_time":1495},{"id":335,"event_type":"laptime","message":{"caridx":9,"lapnum":14,"laptime_raw":96.088,"laptime":"Anthony Catt - 1:36.088 [13 - 1:36.787]  - 42.8\u00b0C","laptype":2},"session_time":1494},{"id":334,"event_type":"laptime","message":{"caridx":2,"lapnum":14,"laptime_raw":96.475,"laptime":"Julien AUFFRET - 1:36.475 [13 - 1:36.771]  - 42.8\u00b0C","laptype":0},"session_time":1494},{"id":333,"event_type":"laptime","message":{"caridx":3,"lapnum":14,"laptime_raw":96.481,"laptime":"Sacha Gorl\u00e9 - 1:36.481 [13 - 1:36.817]  - 42.8\u00b0C","laptype":0},"session_time":1494},{"id":332,"event_type":"laptime","message":{"caridx":12,"lapnum":13,"laptime_raw":96.506,"laptime":"Greg Barber - 1:36.506 [&nbsp;&nbsp;4 - 1:36.657]  - 42.8\u00b0C","laptype":2},"session_time":1484},{"id":331,"event_type":"laptime","message":{"caridx":7,"lapnum":13,"laptime_raw":110.221,"laptime":"Sami J T\u00f6ykk\u00e4l\u00e4 - 1:50.221 *  [12 - 1:37.996]  - 42.8\u00b0C","laptype":0},"session_time":1462},{"id":330,"event_type":"laptime","message":{"caridx":20,"lapnum":13,"laptime_raw":98.495,"laptime":"Dan Haneveer - 1:38.495 [12 - 1:40.214]  - 43.3\u00b0C","laptype":2},"session_time":1443},{"id":329,"event_type":"laptime","message":{"caridx":4,"lapnum":13,"laptime_raw":96.73,"laptime":"Enzo Canta - 1:36.730 [10 - 1:37.009]  - 43.3\u00b0C","laptype":0},"session_time":1435},{"id":328,"event_type":"laptime","message":{"caridx":19,"lapnum":13,"laptime_raw":98.294,"laptime":"Craig Deshon - 1:38.294 [12 - 1:39.062]  - 43.3\u00b0C","laptype":2},"session_time":1431},{"id":327,"event_type":"laptime","message":{"caridx":18,"lapnum":13,"laptime_raw":98.349,"laptime":"Mark Jeffery - 1:38.349 [12 - 1:38.926]  - 43.3\u00b0C","laptype":0},"session_time":1431},{"id":326,"event_type":"laptime","message":{"caridx":17,"lapnum":13,"laptime_raw":97.32,"laptime":"Les Peck - 1:37.320 [12 - 1:38.670]  - 43.3\u00b0C","laptype":2},"session_time":1427},{"id":325,"event_type":"laptime","message":{"caridx":16,"lapnum":13,"laptime_raw":98.143,"laptime":"Luke Sweetnam - 1:38.143 [12 - 1:38.622]  - 43.3\u00b0C","laptype":0},"session_time":1425},{"id":324,"event_type":"laptime","message":{"caridx":13,"lapnum":13,"laptime_raw":96.783,"laptime":"Juan Jose Diaz Salvado - 1:36.783 [12 - 1:38.577]  - 43.3\u00b0C","laptype":0},"session_time":1421},{"id":323,"event_type":"laptime","message":{"caridx":11,"lapnum":13,"laptime_raw":96.933,"laptime":"Benn Snell - 1:36.933 [12 - 1:37.789]  - 43.3\u00b0C","laptype":0},"session_time":1411},{"id":322,"event_type":"laptime","message":{"caridx":1,"lapnum":13,"laptime_raw":97.102,"laptime":"Simon Edwards - 1:37.102 [12 - 1:37.653]  - 43.3\u00b0C","laptype":0},"session_time":1411},{"id":321,"event_type":"Overtake","message":"#11 Benn Snell has overtaken #7 Sami J T\u00f6ykk\u00e4l\u00e4 for P9 in his class","session_time":1408},{"id":320,"event_type":"laptime","message":{"caridx":6,"lapnum":13,"laptime_raw":96.932,"laptime":"Toshimasa Hanada - 1:36.932 [12 - 1:37.305]  - 43.3\u00b0C","laptype":0},"session_time":1407},{"id":319,"event_type":"laptime","message":{"caridx":10,"lapnum":13,"laptime_raw":96.909,"laptime":"Kevin Henderson - 1:36.909 [12 - 1:37.315]  - 43.3\u00b0C","laptype":0},"session_time":1407},{"id":318,"event_type":"Overtake","message":"#1 Simon Edwards has overtaken #7 Sami J T\u00f6ykk\u00e4l\u00e4 for P8 in his class","session_time":1405},{"id":317,"event_type":"laptime","message":{"caridx":5,"lapnum":13,"laptime_raw":96.615,"laptime":"Teemu Vaskilampi - 1:36.615 [12 - 1:37.037]  - 43.3\u00b0C","laptype":0},"session_time":1401},{"id":316,"event_type":"laptime","message":{"caridx":8,"lapnum":13,"laptime_raw":99.671,"laptime":"H\u00e5kon Grebstad - 1:39.671 [12 - 1:37.073]  - 43.3\u00b0C","laptype":0},"session_time":1401},{"id":315,"event_type":"laptime","message":{"caridx":9,"lapnum":13,"laptime_raw":96.991,"laptime":"Anthony Catt - 1:36.991 [12 - 1:36.845]  - 43.3\u00b0C","laptype":0},"session_time":1399},{"id":314,"event_type":"Overtake","message":"#6 Toshimasa Hanada has overtaken #7 Sami J T\u00f6ykk\u00e4l\u00e4 for P7 in his class","session_time":1397},{"id":313,"event_type":"laptime","message":{"caridx":2,"lapnum":13,"laptime_raw":96.876,"laptime":"Julien AUFFRET - 1:36.876 [12 - 1:36.796]  - 43.3\u00b0C","laptype":0},"session_time":1397},{"id":312,"event_type":"laptime","message":{"caridx":3,"lapnum":13,"laptime_raw":96.614,"laptime":"Sacha Gorl\u00e9 - 1:36.614 [12 - 1:36.845]  - 43.3\u00b0C","laptype":0},"session_time":1397},{"id":311,"event_type":"Overtake","message":"#10 Kevin Henderson has overtaken #7 Sami J T\u00f6ykk\u00e4l\u00e4 for P6 in his class","session_time":1396},{"id":310,"event_type":"laptime","message":{"caridx":12,"lapnum":12,"laptime_raw":96.686,"laptime":"Greg Barber - 1:36.686 [&nbsp;&nbsp;3 - 1:36.708]  - 43.3\u00b0C","laptype":0},"session_time":1387},{"id":309,"event_type":"Overtake","message":"#3 Sacha Gorl\u00e9 has overtaken #2 Julien AUFFRET for P1 in his class","session_time":1376},{"id":308,"event_type":"New Leader","message":"#3 Sacha Gorl\u00e9 is now leading his class!","session_time":1376},{"id":307,"event_type":"laptime","message":{"caridx":20,"lapnum":12,"laptime_raw":99.029,"laptime":"Dan Haneveer - 1:39.029 [11 - 1:40.370]  - 43.3\u00b0C","laptype":2},"session_time":1346},{"id":306,"event_type":"Overtake","message":"#5 Teemu Vaskilampi has overtaken #7 Sami J T\u00f6ykk\u00e4l\u00e4 for P5 in his class","session_time":1345},{"id":305,"event_type":"laptime","message":{"caridx":4,"lapnum":12,"laptime_raw":96.997,"laptime":"Enzo Canta - 1:36.997 [&nbsp;&nbsp;9 - 1:37.040]  - 43.3\u00b0C","laptype":0},"session_time":1338},{"id":304,"event_type":"laptime","message":{"caridx":19,"lapnum":12,"laptime_raw":98.33,"laptime":"Craig Deshon - 1:38.330 [11 - 1:39.132]  - 43.3\u00b0C","laptype":2},"session_time":1332},{"id":303,"event_type":"laptime","message":{"caridx":18,"lapnum":12,"laptime_raw":98.623,"laptime":"Mark Jeffery - 1:38.623 [11 - 1:38.979]  - 43.3\u00b0C","laptype":0},"session_time":1332},{"id":302,"event_type":"laptime","message":{"caridx":17,"lapnum":12,"laptime_raw":98.624,"laptime":"Les Peck - 1:38.624 [11 - 1:38.793]  - 43.3\u00b0C","laptype":0},"session_time":1328},{"id":301,"event_type":"laptime","message":{"caridx":16,"lapnum":12,"laptime_raw":98.253,"laptime":"Luke Sweetnam - 1:38.253 [11 - 1:38.666]  - 43.3\u00b0C","laptype":0},"session_time":1326},{"id":300,"event_type":"laptime","message":{"caridx":13,"lapnum":12,"laptime_raw":97.228,"laptime":"Juan Jose Diaz Salvado - 1:37.228 [11 - 1:38.740]  - 43.3\u00b0C","laptype":0},"session_time":1324}]