[{"id":199,"event_type":"laptime","message":{"caridx":9,"lapnum":8,"laptime_raw":97.261,"laptime":"Anthony Catt - 1:37.261 [&nbsp;&nbsp;7 - 1:37.027]  - 43.9\u00b0C","laptype":0},"session_time":915},{"id":198,"event_type":"laptime","message":{"caridx":8,"lapnum":8,"laptime_raw":97.289,"laptime":"H\u00e5kon Grebstad - 1:37.289 [&nbsp;&nbsp;7 - 1:37.064]  - 43.9\u00b0C","laptype":0},"session_time":915},{"id":197,"event_type":"laptime","message":{"caridx":7,"lapnum":8,"laptime_raw":97.244,"laptime":"Sami J T\u00f6ykk\u00e4l\u00e4 - 1:37.244 [&nbsp;&nbsp;7 - 1:37.052]  - 43.9\u00b0C","laptype":0},"session_time":915},{"id":196,"event_type":"laptime","message":{"caridx":2,"lapnum":8,"laptime_raw":96.999,"laptime":"Julien AUFFRET - 1:36.999 [&nbsp;&nbsp;7 - 1:36.907]  - 43.9\u00b0C","laptype":0},"session_time":915},{"id":195,"event_type":"laptime","message":{"caridx":3,"lapnum":8,"laptime_raw":97.039,"laptime":"Sacha Gorl\u00e9 - 1:37.039 [&nbsp;&nbsp;7 - 1:36.979]  - 43.9\u00b0C","laptype":0},"session_time":913},{"id":194,"event_type":"Overtake","message":"#13 Juan Jose Diaz Salvado has overtaken #17 Les Peck for P13 in his class","session_time":906},{"id":193,"event_type":"3-wide","message":"#8, #9 and #5 are in 3-wide.","session_time":897},{"id":192,"event_type":"laptime","message":{"caridx":4,"lapnum":7,"laptime_raw":96.898,"laptime":"Enzo Canta - 1:36.898 [&nbsp;&nbsp;4 - 1:37.364]  - 43.3\u00b0C","laptype":2},"session_time":854},{"id":191,"event_type":"laptime","message":{"caridx":20,"lapnum":7,"laptime_raw":99.328,"laptime":"Dan Haneveer - 1:39.328 [&nbsp;&nbsp;6 - 1:41.200]  - 43.3\u00b0C","laptype":0},"session_time":848},{"id":190,"event_type":"laptime","message":{"caridx":18,"lapnum":7,"laptime_raw":99.183,"laptime":"Mark Jeffery - 1:39.183 [&nbsp;&nbsp;6 - 1:39.275]  - 43.3\u00b0C","laptype":0},"session_time":840},{"id":189,"event_type":"laptime","message":{"caridx":19,"lapnum":7,"laptime_raw":98.939,"laptime":"Craig Deshon - 1:38.939 [&nbsp;&nbsp;6 - 1:39.375]  - 43.3\u00b0C","laptype":2},"session_time":838},{"id":188,"event_type":"laptime","message":{"caridx":13,"lapnum":7,"laptime_raw":97.455,"laptime":"Juan Jose Diaz Salvado - 1:37.455 [&nbsp;&nbsp;6 - 1:40.096]  - 43.3\u00b0C","laptype":0},"session_time":838},{"id":187,"event_type":"laptime","message":{"caridx":17,"lapnum":7,"laptime_raw":101.658,"laptime":"Les Peck - 1:41.658 [&nbsp;&nbsp;6 - 1:39.292]  - 43.3\u00b0C","laptype":0},"session_time":838},{"id":186,"event_type":"laptime","message":{"caridx":16,"lapnum":7,"laptime_raw":98.518,"laptime":"Luke Sweetnam - 1:38.518 [&nbsp;&nbsp;6 - 1:39.059]  - 43.3\u00b0C","laptype":0},"session_time":836},{"id":185,"event_type":"Pit Entry","message":"#12 Greg Barber entered pit lane on lap 8.","session_time":832},{"id":184,"event_type":"Overtake","message":"#14 Jon Scholtz has overtaken #1 Simon Edwards for P9 in his class","session_time":831},{"id":183,"event_type":"Overtake","message":"#6 Toshimasa Hanada has overtaken #1 Simon Edwards for P8 in his class","session_time":830},{"id":182,"event_type":"Overtake","message":"#10 Kevin Henderson has overtaken #1 Simon Edwards for P8 in his class","session_time":828},{"id":181,"event_type":"laptime","message":{"caridx":11,"lapnum":7,"laptime_raw":97.36,"laptime":"Benn Snell - 1:37.360 [&nbsp;&nbsp;6 - 1:38.315]  - 43.3\u00b0C","laptype":0},"session_time":828},{"id":180,"event_type":"laptime","message":{"caridx":14,"lapnum":7,"laptime_raw":96.457,"laptime":"Jon Scholtz - 1:36.457 [&nbsp;&nbsp;6 - 1:37.511]  - 43.3\u00b0C","laptype":2},"session_time":824},{"id":179,"event_type":"laptime","message":{"caridx":6,"lapnum":7,"laptime_raw":96.574,"laptime":"Toshimasa Hanada - 1:36.574 [&nbsp;&nbsp;6 - 1:37.521]  - 43.3\u00b0C","laptype":2},"session_time":824},{"id":178,"event_type":"laptime","message":{"caridx":10,"lapnum":7,"laptime_raw":96.632,"laptime":"Kevin Henderson - 1:36.632 [&nbsp;&nbsp;6 - 1:37.542]  - 43.3\u00b0C","laptype":2},"session_time":824},{"id":177,"event_type":"laptime","message":{"caridx":1,"lapnum":7,"laptime_raw":96.893,"laptime":"Simon Edwards - 1:36.893 [&nbsp;&nbsp;6 - 1:37.449]  - 43.3\u00b0C","laptype":0},"session_time":824},{"id":176,"event_type":"Overtake","message":"#13 Juan Jose Diaz Salvado has overtaken #19 Craig Deshon for P15 in his class","session_time":821},{"id":175,"event_type":"laptime","message":{"caridx":12,"lapnum":7,"laptime_raw":97.247,"laptime":"Greg Barber - 1:37.247 [&nbsp;&nbsp;6 - 1:37.303]  - 43.3\u00b0C","laptype":0},"session_time":820},{"id":174,"event_type":"laptime","message":{"caridx":5,"lapnum":7,"laptime_raw":96.389,"laptime":"Teemu Vaskilampi - 1:36.389 [&nbsp;&nbsp;6 - 1:37.008]  - 43.3\u00b0C","laptype":2},"session_time":818},{"id":173,"event_type":"laptime","message":{"caridx":9,"lapnum":7,"laptime_raw":96.335,"laptime":"Anthony Catt - 1:36.335 [&nbsp;&nbsp;6 - 1:36.988]  - 43.3\u00b0C","laptype":2},"session_time":818},{"id":172,"event_type":"laptime","message":{"caridx":8,"lapnum":7,"laptime_raw":96.402,"laptime":"H\u00e5kon Grebstad - 1:36.402 [&nbsp;&nbsp;6 - 1:37.027]  - 43.3\u00b0C","laptype":0},"session_time":818},{"id":171,"event_type":"laptime","message":{"caridx":7,"lapnum":7,"laptime_raw":96.425,"laptime":"Sami J T\u00f6ykk\u00e4l\u00e4 - 1:36.425 [&nbsp;&nbsp;6 - 1:37.020]  - 43.3\u00b0C","laptype":0},"session_time":818},{"id":170,"event_type":"laptime","message":{"caridx":2,"lapnum":7,"laptime_raw":96.585,"laptime":"Julien AUFFRET - 1:36.585 [&nbsp;&nbsp;6 - 1:36.892]  - 43.3\u00b0C","laptype":0},"session_time":816},{"id":169,"event_type":"laptime","message":{"caridx":3,"lapnum":7,"laptime_raw":96.468,"laptime":"Sacha Gorl\u00e9 - 1:36.468 [&nbsp;&nbsp;6 - 1:36.969]  - 43.3\u00b0C","laptype":2},"session_time":816},{"id":168,"event_type":"Overtake","message":"#13 Juan Jose Diaz Salvado has overtaken #18 Mark Jeffery for P16 in his class","session_time":767},{"id":167,"event_type":"laptime","message":{"caridx":4,"lapnum":6,"laptime_raw":96.903,"laptime":"Enzo Canta - 1:36.903 [&nbsp;&nbsp;3 - 1:37.519]  - 43.3\u00b0C","laptype":2},"session_time":758},{"id":166,"event_type":"laptime","message":{"caridx":20,"lapnum":6,"laptime_raw":99.11,"laptime":"Dan Haneveer - 1:39.110 [&nbsp;&nbsp;5 - 1:41.575]  - 43.3\u00b0C","laptype":2},"session_time":750},{"id":165,"event_type":"Overtake","message":"#16 Luke Sweetnam has overtaken #17 Les Peck for P13 in his class","session_time":743},{"id":164,"event_type":"laptime","message":{"caridx":13,"lapnum":6,"laptime_raw":96.794,"laptime":"Juan Jose Diaz Salvado - 1:36.794 [&nbsp;&nbsp;5 - 1:40.625]  - 43.3\u00b0C","laptype":2},"session_time":741},{"id":163,"event_type":"laptime","message":{"caridx":18,"lapnum":6,"laptime_raw":99.088,"laptime":"Mark Jeffery - 1:39.088 [&nbsp;&nbsp;5 - 1:39.294]  - 43.3\u00b0C","laptype":0},"session_time":741},{"id":162,"event_type":"laptime","message":{"caridx":19,"lapnum":6,"laptime_raw":99.06,"laptime":"Craig Deshon - 1:39.060 [&nbsp;&nbsp;5 - 1:39.462]  - 43.3\u00b0C","laptype":2},"session_time":741},{"id":161,"event_type":"laptime","message":{"caridx":16,"lapnum":6,"laptime_raw":98.453,"laptime":"Luke Sweetnam - 1:38.453 [&nbsp;&nbsp;5 - 1:39.167]  - 43.3\u00b0C","laptype":2},"session_time":737},{"id":160,"event_type":"laptime","message":{"caridx":17,"lapnum":6,"laptime_raw":98.342,"laptime":"Les Peck - 1:38.342 [&nbsp;&nbsp;5 - 1:38.818]  - 43.3\u00b0C","laptype":0},"session_time":737},{"id":159,"event_type":"laptime","message":{"caridx":11,"lapnum":6,"laptime_raw":97.805,"laptime":"Benn Snell - 1:37.805 [&nbsp;&nbsp;5 - 1:38.506]  - 43.3\u00b0C","laptype":0},"session_time":731},{"id":158,"event_type":"laptime","message":{"caridx":14,"lapnum":6,"laptime_raw":96.953,"laptime":"Jon Scholtz - 1:36.953 [&nbsp;&nbsp;5 - 1:37.722]  - 43.3\u00b0C","laptype":0},"session_time":729},{"id":157,"event_type":"laptime","message":{"caridx":6,"lapnum":6,"laptime_raw":97.32,"laptime":"Toshimasa Hanada - 1:37.320 [&nbsp;&nbsp;5 - 1:37.710]  - 43.3\u00b0C","laptype":0},"session_time":729},{"id":156,"event_type":"laptime","message":{"caridx":10,"lapnum":6,"laptime_raw":97.579,"laptime":"Kevin Henderson - 1:37.579 [&nbsp;&nbsp;5 - 1:37.724]  - 43.3\u00b0C","laptype":0},"session_time":727},{"id":155,"event_type":"laptime","message":{"caridx":1,"lapnum":6,"laptime_raw":96.759,"laptime":"Simon Edwards - 1:36.759 [&nbsp;&nbsp;5 - 1:37.560]  - 43.3\u00b0C","laptype":2},"session_time":727},{"id":154,"event_type":"laptime","message":{"caridx":12,"lapnum":6,"laptime_raw":96.959,"laptime":"Greg Barber - 1:36.959 [&nbsp;&nbsp;5 - 1:37.314]  - 43.3\u00b0C","laptype":0},"session_time":725},{"id":153,"event_type":"Best Lap","message":"#7 Sami J T\u00f6ykk\u00e4l\u00e4 set a new best lap in his class! Lap: 6, time: 1:36.225.","session_time":722},{"id":152,"event_type":"laptime","message":{"caridx":5,"lapnum":6,"laptime_raw":96.594,"laptime":"Teemu Vaskilampi - 1:36.594 [&nbsp;&nbsp;5 - 1:37.132]  - 43.3\u00b0C","laptype":2},"session_time":721},{"id":151,"event_type":"laptime","message":{"caridx":9,"lapnum":6,"laptime_raw":96.569,"laptime":"Anthony Catt - 1:36.569 [&nbsp;&nbsp;5 - 1:37.118]  - 43.3\u00b0C","laptype":2},"session_time":721},{"id":150,"event_type":"laptime","message":{"caridx":8,"lapnum":6,"laptime_raw":96.398,"laptime":"H\u00e5kon Grebstad - 1:36.398 [&nbsp;&nbsp;5 - 1:37.152]  - 43.3\u00b0C","laptype":2},"session_time":721},{"id":149,"event_type":"laptime","message":{"caridx":7,"lapnum":6,"laptime_raw":96.225,"laptime":"Sami J T\u00f6ykk\u00e4l\u00e4 - 1:36.225 [&nbsp;&nbsp;5 - 1:37.139]  - 43.3\u00b0C","laptype":2},"session_time":721},{"id":148,"event_type":"laptime","message":{"caridx":2,"lapnum":6,"laptime_raw":96.336,"laptime":"Julien AUFFRET - 1:36.336 [&nbsp;&nbsp;5 - 1:36.953]  - 43.3\u00b0C","laptype":2},"session_time":721},{"id":147,"event_type":"laptime","message":{"caridx":3,"lapnum":6,"laptime_raw":96.559,"laptime":"Sacha Gorl\u00e9 - 1:36.559 [&nbsp;&nbsp;5 - 1:37.070]  - 43.3\u00b0C","laptype":2},"session_time":721},{"id":146,"event_type":"laptime","message":{"caridx":4,"lapnum":5,"laptime_raw":97.404,"laptime":"Enzo Canta - 1:37.404 [&nbsp;&nbsp;2 - 1:37.828]  - 43.3\u00b0C","laptype":2},"session_time":661},{"id":145,"event_type":"laptime","message":{"caridx":20,"lapnum":5,"laptime_raw":99.323,"laptime":"Dan Haneveer - 1:39.323 [&nbsp;&nbsp;4 - 1:42.191]  - 43.3\u00b0C","laptype":2},"session_time":651},{"id":144,"event_type":"Overtake","message":"#1 Simon Edwards has overtaken #10 Kevin Henderson for P8 in his class","session_time":650},{"id":143,"event_type":"laptime","message":{"caridx":13,"lapnum":5,"laptime_raw":97.142,"laptime":"Juan Jose Diaz Salvado - 1:37.142 [&nbsp;&nbsp;4 - 1:41.582]  - 43.3\u00b0C","laptype":2},"session_time":645},{"id":142,"event_type":"laptime","message":{"caridx":18,"lapnum":5,"laptime_raw":98.635,"laptime":"Mark Jeffery - 1:38.635 [&nbsp;&nbsp;4 - 1:39.345]  - 43.3\u00b0C","laptype":2},"session_time":643},{"id":141,"event_type":"laptime","message":{"caridx":19,"lapnum":5,"laptime_raw":99.144,"laptime":"Craig Deshon - 1:39.144 [&nbsp;&nbsp;4 - 1:39.562]  - 43.3\u00b0C","laptype":2},"session_time":641},{"id":140,"event_type":"laptime","message":{"caridx":16,"lapnum":5,"laptime_raw":98.522,"laptime":"Luke Sweetnam - 1:38.522 [&nbsp;&nbsp;4 - 1:39.346]  - 43.3\u00b0C","laptype":2},"session_time":639},{"id":139,"event_type":"laptime","message":{"caridx":17,"lapnum":5,"laptime_raw":98.312,"laptime":"Les Peck - 1:38.312 [&nbsp;&nbsp;4 - 1:38.938]  - 43.3\u00b0C","laptype":2},"session_time":639},{"id":138,"event_type":"laptime","message":{"caridx":11,"lapnum":5,"laptime_raw":97.336,"laptime":"Benn Snell - 1:37.336 [&nbsp;&nbsp;4 - 1:38.681]  - 43.3\u00b0C","laptype":2},"session_time":633},{"id":137,"event_type":"laptime","message":{"caridx":14,"lapnum":5,"laptime_raw":96.911,"laptime":"Jon Scholtz - 1:36.911 [&nbsp;&nbsp;4 - 1:37.914]  - 43.3\u00b0C","laptype":2},"session_time":633},{"id":136,"event_type":"laptime","message":{"caridx":6,"lapnum":5,"laptime_raw":96.651,"laptime":"Toshimasa Hanada - 1:36.651 [&nbsp;&nbsp;4 - 1:37.808]  - 43.3\u00b0C","laptype":2},"session_time":631},{"id":135,"event_type":"laptime","message":{"caridx":1,"lapnum":5,"laptime_raw":96.835,"laptime":"Simon Edwards - 1:36.835 [&nbsp;&nbsp;4 - 1:37.760]  - 43.3\u00b0C","laptype":2},"session_time":631},{"id":134,"event_type":"laptime","message":{"caridx":10,"lapnum":5,"laptime_raw":97.404,"laptime":"Kevin Henderson - 1:37.404 [&nbsp;&nbsp;4 - 1:37.760]  - 43.3\u00b0C","laptype":0},"session_time":631},{"id":133,"event_type":"laptime","message":{"caridx":12,"lapnum":5,"laptime_raw":96.988,"laptime":"Greg Barber - 1:36.988 [&nbsp;&nbsp;4 - 1:37.403]  - 43.3\u00b0C","laptype":0},"session_time":627},{"id":132,"event_type":"laptime","message":{"caridx":5,"lapnum":5,"laptime_raw":96.814,"laptime":"Teemu Vaskilampi - 1:36.814 [&nbsp;&nbsp;4 - 1:37.266]  - 43.3\u00b0C","laptype":2},"session_time":627},{"id":131,"event_type":"laptime","message":{"caridx":9,"lapnum":5,"laptime_raw":96.621,"laptime":"Anthony Catt - 1:36.621 [&nbsp;&nbsp;4 - 1:37.255]  - 43.3\u00b0C","laptype":2},"session_time":627},{"id":130,"event_type":"Best Lap","message":"#2 Julien AUFFRET set a new best lap in his class! Lap: 5, time: 1:36.361.","session_time":625},{"id":129,"event_type":"laptime","message":{"caridx":8,"lapnum":5,"laptime_raw":96.593,"laptime":"H\u00e5kon Grebstad - 1:36.593 [&nbsp;&nbsp;4 - 1:37.341]  - 43.3\u00b0C","laptype":2},"session_time":625},{"id":128,"event_type":"laptime","message":{"caridx":7,"lapnum":5,"laptime_raw":96.647,"laptime":"Sami J T\u00f6ykk\u00e4l\u00e4 - 1:36.647 [&nbsp;&nbsp;4 - 1:37.367]  - 43.3\u00b0C","laptype":2},"session_time":625},{"id":127,"event_type":"laptime","message":{"caridx":2,"lapnum":5,"laptime_raw":96.361,"laptime":"Julien AUFFRET - 1:36.361 [&nbsp;&nbsp;4 - 1:37.108]  - 43.3\u00b0C","laptype":2},"session_time":625},{"id":126,"event_type":"laptime","message":{"caridx":3,"lapnum":5,"laptime_raw":96.619,"laptime":"Sacha Gorl\u00e9 - 1:36.619 [&nbsp;&nbsp;4 - 1:37.197]  - 43.3\u00b0C","laptype":2},"session_time":625},{"id":125,"event_type":"laptime","message":{"caridx":4,"lapnum":4,"laptime_raw":98.251,"laptime":"Enzo Canta - 1:38.251 [&nbsp;&nbsp;1 - 1:38.251]  - 43.9\u00b0C","laptype":0},"session_time":562},{"id":124,"event_type":"laptime","message":{"caridx":20,"lapnum":4,"laptime_raw":99.454,"laptime":"Dan Haneveer - 1:39.454 [&nbsp;&nbsp;3 - 1:43.147]  - 43.9\u00b0C","laptype":2},"session_time":550},{"id":123,"event_type":"laptime","message":{"caridx":13,"lapnum":4,"laptime_raw":97.625,"laptime":"Juan Jose Diaz Salvado - 1:37.625 [&nbsp;&nbsp;3 - 1:43.062]  - 43.9\u00b0C","laptype":2},"session_time":548},{"id":122,"event_type":"laptime","message":{"caridx":18,"lapnum":4,"laptime_raw":98.893,"laptime":"Mark Jeffery - 1:38.893 [&nbsp;&nbsp;3 - 1:39.582]  - 44.4\u00b0C","laptype":2},"session_time":544},{"id":121,"event_type":"laptime","message":{"caridx":19,"lapnum":4,"laptime_raw":99.49,"laptime":"Craig Deshon - 1:39.490 [&nbsp;&nbsp;3 - 1:39.702]  - 44.4\u00b0C","laptype":0},"session_time":542},{"id":120,"event_type":"laptime","message":{"caridx":16,"lapnum":4,"laptime_raw":99.996,"laptime":"Luke Sweetnam - 1:39.996 [&nbsp;&nbsp;3 - 1:39.620]  - 44.4\u00b0C","laptype":0},"session_time":540},{"id":119,"event_type":"laptime","message":{"caridx":17,"lapnum":4,"laptime_raw":98.686,"laptime":"Les Peck - 1:38.686 [&nbsp;&nbsp;3 - 1:39.146]  - 44.4\u00b0C","laptype":0},"session_time":540},{"id":118,"event_type":"laptime","message":{"caridx":11,"lapnum":4,"laptime_raw":101.285,"laptime":"Benn Snell - 1:41.285 [&nbsp;&nbsp;3 - 1:39.129]  - 44.4\u00b0C","laptype":0},"session_time":536},{"id":117,"event_type":"laptime","message":{"caridx":14,"lapnum":4,"laptime_raw":97.916,"laptime":"Jon Scholtz - 1:37.916 [&nbsp;&nbsp;3 - 1:38.248]  - 44.4\u00b0C","laptype":2},"session_time":534},{"id":116,"event_type":"laptime","message":{"caridx":6,"lapnum":4,"laptime_raw":97.822,"laptime":"Toshimasa Hanada - 1:37.822 [&nbsp;&nbsp;3 - 1:38.193]  - 44.4\u00b0C","laptype":2},"session_time":534},{"id":115,"event_type":"laptime","message":{"caridx":1,"lapnum":4,"laptime_raw":97.776,"laptime":"Simon Edwards - 1:37.776 [&nbsp;&nbsp;3 - 1:38.069]  - 44.4\u00b0C","laptype":0},"session_time":534},{"id":114,"event_type":"laptime","message":{"caridx":10,"lapnum":4,"laptime_raw":98.17,"laptime":"Kevin Henderson - 1:38.170 [&nbsp;&nbsp;3 - 1:37.879]  - 44.4\u00b0C","laptype":0},"session_time":532},{"id":113,"event_type":"laptime","message":{"caridx":12,"lapnum":4,"laptime_raw":97.724,"laptime":"Greg Barber - 1:37.724 [&nbsp;&nbsp;3 - 1:37.541]  - 44.4\u00b0C","laptype":0},"session_time":530},{"id":112,"event_type":"laptime","message":{"caridx":5,"lapnum":4,"laptime_raw":97.006,"laptime":"Teemu Vaskilampi - 1:37.006 [&nbsp;&nbsp;3 - 1:37.417]  - 44.4\u00b0C","laptype":2},"session_time":530},{"id":111,"event_type":"Best Lap","message":"#3 Sacha Gorl\u00e9 set a new best lap in his class! Lap: 4, time: 1:36.880.","session_time":528},{"id":110,"event_type":"laptime","message":{"caridx":9,"lapnum":4,"laptime_raw":97.24,"laptime":"Anthony Catt - 1:37.240 [&nbsp;&nbsp;3 - 1:37.467]  - 44.4\u00b0C","laptype":2},"session_time":528},{"id":109,"event_type":"laptime","message":{"caridx":8,"lapnum":4,"laptime_raw":97.15,"laptime":"H\u00e5kon Grebstad - 1:37.150 [&nbsp;&nbsp;3 - 1:37.590]  - 44.4\u00b0C","laptype":2},"session_time":528},{"id":108,"event_type":"laptime","message":{"caridx":7,"lapnum":4,"laptime_raw":97.564,"laptime":"Sami J T\u00f6ykk\u00e4l\u00e4 - 1:37.564 [&nbsp;&nbsp;3 - 1:37.608]  - 44.4\u00b0C","laptype":0},"session_time":528},{"id":107,"event_type":"laptime","message":{"caridx":2,"lapnum":4,"laptime_raw":96.976,"laptime":"Julien AUFFRET - 1:36.976 [&nbsp;&nbsp;3 - 1:37.357]  - 44.4\u00b0C","laptype":2},"session_time":528},{"id":106,"event_type":"laptime","message":{"caridx":3,"lapnum":4,"laptime_raw":96.88,"laptime":"Sacha Gorl\u00e9 - 1:36.880 [&nbsp;&nbsp;3 - 1:37.390]  - 44.4\u00b0C","laptype":2},"session_time":528},{"id":105,"event_type":"Overtake","message":"#2 Julien AUFFRET has overtaken #7 Sami J T\u00f6ykk\u00e4l\u00e4 for P2 in his class","session_time":498},{"id":104,"event_type":"Overtake","message":"#17 Les Peck has overtaken #16 Luke Sweetnam for P13 in his class","session_time":494},{"id":103,"event_type":"laptime","message":{"caridx":4,"lapnum":3,"laptime_raw":111.03,"laptime":"Enzo Canta - 1:51.030 [1 - reset ]  OUT 28.7 \/ 3.4 - 44.4\u00b0C","laptype":1},"session_time":465},{"id":102,"event_type":"laptime","message":{"caridx":20,"lapnum":3,"laptime_raw":110.218,"laptime":"Dan Haneveer - 1:50.218 [&nbsp;&nbsp;2 - 1:44.994]  - 44.4\u00b0C","laptype":0},"session_time":451},{"id":101,"event_type":"laptime","message":{"caridx":13,"lapnum":3,"laptime_raw":112.677,"laptime":"Juan Jose Diaz Salvado - 1:52.677 [&nbsp;&nbsp;2 - 1:45.781]  - 44.4\u00b0C","laptype":0},"session_time":449},{"id":100,"event_type":"Overtake","message":"#14 Jon Scholtz has overtaken #11 Benn Snell for P11 in his class","session_time":446}]