[{"id":99,"event_type":"laptime","message":{"caridx":18,"lapnum":3,"laptime_raw":99.611,"laptime":"Mark Jeffery - 1:39.611 [&nbsp;&nbsp;2 - 1:39.927]  - 44.4\u00b0C","laptype":0},"session_time":445},{"id":98,"event_type":"Overtake","message":"#6 Toshimasa Hanada has overtaken #11 Benn Snell for P10 in his class","session_time":445},{"id":97,"event_type":"3-wide","message":"#6, #11 and #14 are in 3-wide.","session_time":445},{"id":96,"event_type":"Overtake","message":"#1 Simon Edwards has overtaken #11 Benn Snell for P9 in his class","session_time":444},{"id":95,"event_type":"laptime","message":{"caridx":19,"lapnum":3,"laptime_raw":99.232,"laptime":"Craig Deshon - 1:39.232 [&nbsp;&nbsp;2 - 1:39.808]  - 44.4\u00b0C","laptype":2},"session_time":443},{"id":94,"event_type":"Overtake","message":"#10 Kevin Henderson has overtaken #11 Benn Snell for P8 in his class","session_time":442},{"id":93,"event_type":"laptime","message":{"caridx":17,"lapnum":3,"laptime_raw":98.315,"laptime":"Les Peck - 1:38.315 [&nbsp;&nbsp;2 - 1:39.376]  - 44.4\u00b0C","laptype":2},"session_time":441},{"id":92,"event_type":"laptime","message":{"caridx":16,"lapnum":3,"laptime_raw":99.355,"laptime":"Luke Sweetnam - 1:39.355 [&nbsp;&nbsp;2 - 1:39.433]  - 44.4\u00b0C","laptype":2},"session_time":441},{"id":91,"event_type":"laptime","message":{"caridx":14,"lapnum":3,"laptime_raw":97.997,"laptime":"Jon Scholtz - 1:37.997 [&nbsp;&nbsp;2 - 1:38.415]  - 44.4\u00b0C","laptype":2},"session_time":437},{"id":90,"event_type":"laptime","message":{"caridx":6,"lapnum":3,"laptime_raw":97.896,"laptime":"Toshimasa Hanada - 1:37.896 [&nbsp;&nbsp;2 - 1:38.379]  - 44.4\u00b0C","laptype":2},"session_time":437},{"id":89,"event_type":"laptime","message":{"caridx":1,"lapnum":3,"laptime_raw":97.751,"laptime":"Simon Edwards - 1:37.751 [&nbsp;&nbsp;2 - 1:38.216]  - 44.4\u00b0C","laptype":2},"session_time":435},{"id":88,"event_type":"laptime","message":{"caridx":10,"lapnum":3,"laptime_raw":97.354,"laptime":"Kevin Henderson - 1:37.354 [&nbsp;&nbsp;2 - 1:37.733]  - 44.4\u00b0C","laptype":2},"session_time":435},{"id":87,"event_type":"Best Lap","message":"#12 Greg Barber set a new best lap in his class! Lap: 3, time: 1:36.946.","session_time":433},{"id":86,"event_type":"laptime","message":{"caridx":11,"lapnum":3,"laptime_raw":97.541,"laptime":"Benn Snell - 1:37.541 [&nbsp;&nbsp;2 - 1:38.051]  - 44.4\u00b0C","laptype":0},"session_time":433},{"id":85,"event_type":"laptime","message":{"caridx":12,"lapnum":3,"laptime_raw":96.946,"laptime":"Greg Barber - 1:36.946 [&nbsp;&nbsp;2 - 1:37.450]  - 44.4\u00b0C","laptype":2},"session_time":433},{"id":84,"event_type":"Best Lap","message":"#5 Teemu Vaskilampi set a new best lap in his class! Lap: 3, time: 1:37.050.","session_time":431},{"id":83,"event_type":"laptime","message":{"caridx":5,"lapnum":3,"laptime_raw":97.05,"laptime":"Teemu Vaskilampi - 1:37.050 [&nbsp;&nbsp;2 - 1:37.623]  - 44.4\u00b0C","laptype":2},"session_time":431},{"id":82,"event_type":"laptime","message":{"caridx":9,"lapnum":3,"laptime_raw":97.671,"laptime":"Anthony Catt - 1:37.671 [&nbsp;&nbsp;2 - 1:37.580]  - 44.4\u00b0C","laptype":0},"session_time":431},{"id":81,"event_type":"laptime","message":{"caridx":8,"lapnum":3,"laptime_raw":98.066,"laptime":"H\u00e5kon Grebstad - 1:38.066 [&nbsp;&nbsp;2 - 1:37.809]  - 44.4\u00b0C","laptype":0},"session_time":431},{"id":80,"event_type":"laptime","message":{"caridx":2,"lapnum":3,"laptime_raw":97.558,"laptime":"Julien AUFFRET - 1:37.558 [&nbsp;&nbsp;2 - 1:37.547]  - 44.4\u00b0C","laptype":0},"session_time":431},{"id":79,"event_type":"laptime","message":{"caridx":7,"lapnum":3,"laptime_raw":97.537,"laptime":"Sami J T\u00f6ykk\u00e4l\u00e4 - 1:37.537 [&nbsp;&nbsp;2 - 1:37.630]  - 44.4\u00b0C","laptype":2},"session_time":431},{"id":78,"event_type":"laptime","message":{"caridx":3,"lapnum":3,"laptime_raw":97.499,"laptime":"Sacha Gorl\u00e9 - 1:37.499 [&nbsp;&nbsp;2 - 1:37.645]  - 44.4\u00b0C","laptype":2},"session_time":431},{"id":77,"event_type":"Overtake","message":"#13 Juan Jose Diaz Salvado has overtaken #20 Dan Haneveer for P17 in his class","session_time":419},{"id":76,"event_type":"Overtake","message":"#20 Dan Haneveer has overtaken #13 Juan Jose Diaz Salvado for P17 in his class","session_time":380},{"id":75,"event_type":"Overtake","message":"#2 Julien AUFFRET has overtaken #8 H\u00e5kon Grebstad for P3 in his class","session_time":375},{"id":74,"event_type":"Overtake","message":"#18 Mark Jeffery has overtaken #13 Juan Jose Diaz Salvado for P16 in his class","session_time":372},{"id":73,"event_type":"Overtake","message":"#16 Luke Sweetnam has overtaken #13 Juan Jose Diaz Salvado for P13 in his class","session_time":368},{"id":72,"event_type":"Pit Exit","message":"#4 Enzo Canta exited pit lane.","session_time":366},{"id":71,"event_type":"Overtake","message":"#14 Jon Scholtz has overtaken #13 Juan Jose Diaz Salvado for P12 in his class","session_time":365},{"id":70,"event_type":"Overtake","message":"#7 Sami J T\u00f6ykk\u00e4l\u00e4 has overtaken #8 H\u00e5kon Grebstad for P2 in his class","session_time":364},{"id":69,"event_type":"Overtake","message":"#6 Toshimasa Hanada has overtaken #13 Juan Jose Diaz Salvado for P11 in his class","session_time":364},{"id":68,"event_type":"Overtake","message":"#1 Simon Edwards has overtaken #13 Juan Jose Diaz Salvado for P10 in his class","session_time":363},{"id":67,"event_type":"Overtake","message":"#8 H\u00e5kon Grebstad has overtaken #7 Sami J T\u00f6ykk\u00e4l\u00e4 for P2 in his class","session_time":361},{"id":66,"event_type":"laptime","message":{"caridx":4,"lapnum":2,"laptime_raw":108.342,"laptime":"Enzo Canta - 1:48.342 [1 - reset ]  PIT - 45.0\u00b0C","laptype":1},"session_time":352},{"id":65,"event_type":"Overtake","message":"#18 Mark Jeffery has overtaken #20 Dan Haneveer for P17 in his class","session_time":351},{"id":64,"event_type":"Overtake","message":"#19 Craig Deshon has overtaken #20 Dan Haneveer for P16 in his class","session_time":350},{"id":63,"event_type":"Overtake","message":"#17 Les Peck has overtaken #20 Dan Haneveer for P15 in his class","session_time":349},{"id":62,"event_type":"Overtake","message":"#16 Luke Sweetnam has overtaken #20 Dan Haneveer for P14 in his class","session_time":348},{"id":61,"event_type":"laptime","message":{"caridx":18,"lapnum":2,"laptime_raw":100.242,"laptime":"Mark Jeffery - 1:40.242 [&nbsp;&nbsp;1 - 1:40.242]  - 45.0\u00b0C","laptype":2},"session_time":344},{"id":60,"event_type":"laptime","message":{"caridx":19,"lapnum":2,"laptime_raw":100.383,"laptime":"Craig Deshon - 1:40.383 [&nbsp;&nbsp;1 - 1:40.383]  - 45.0\u00b0C","laptype":2},"session_time":342},{"id":59,"event_type":"laptime","message":{"caridx":17,"lapnum":2,"laptime_raw":100.437,"laptime":"Les Peck - 1:40.437 [&nbsp;&nbsp;1 - 1:40.437]  - 45.0\u00b0C","laptype":0},"session_time":342},{"id":58,"event_type":"laptime","message":{"caridx":16,"lapnum":2,"laptime_raw":99.51,"laptime":"Luke Sweetnam - 1:39.510 [&nbsp;&nbsp;1 - 1:39.510]  - 45.0\u00b0C","laptype":2},"session_time":340},{"id":57,"event_type":"laptime","message":{"caridx":20,"lapnum":2,"laptime_raw":99.77,"laptime":"Dan Haneveer - 1:39.770 [&nbsp;&nbsp;1 - 1:39.770]  - 45.0\u00b0C","laptype":2},"session_time":340},{"id":56,"event_type":"laptime","message":{"caridx":14,"lapnum":2,"laptime_raw":98.832,"laptime":"Jon Scholtz - 1:38.832 [&nbsp;&nbsp;1 - 1:38.832]  - 45.0\u00b0C","laptype":2},"session_time":338},{"id":55,"event_type":"laptime","message":{"caridx":6,"lapnum":2,"laptime_raw":98.861,"laptime":"Toshimasa Hanada - 1:38.861 [&nbsp;&nbsp;1 - 1:38.861]  - 45.0\u00b0C","laptype":2},"session_time":338},{"id":54,"event_type":"laptime","message":{"caridx":1,"lapnum":2,"laptime_raw":98.68,"laptime":"Simon Edwards - 1:38.680 [&nbsp;&nbsp;1 - 1:38.680]  - 45.0\u00b0C","laptype":2},"session_time":338},{"id":53,"event_type":"Pit Entry","message":"#4 Enzo Canta entered pit lane on lap 2.","session_time":338},{"id":52,"event_type":"laptime","message":{"caridx":13,"lapnum":2,"laptime_raw":98.885,"laptime":"Juan Jose Diaz Salvado - 1:38.885 [&nbsp;&nbsp;1 - 1:38.885]  - 45.0\u00b0C","laptype":2},"session_time":336},{"id":51,"event_type":"laptime","message":{"caridx":10,"lapnum":2,"laptime_raw":98.112,"laptime":"Kevin Henderson - 1:38.112 [&nbsp;&nbsp;1 - 1:38.112]  - 45.0\u00b0C","laptype":2},"session_time":336},{"id":50,"event_type":"laptime","message":{"caridx":11,"lapnum":2,"laptime_raw":98.561,"laptime":"Benn Snell - 1:38.561 [&nbsp;&nbsp;1 - 1:38.561]  - 45.0\u00b0C","laptype":0},"session_time":336},{"id":49,"event_type":"Best Lap","message":"#9 Anthony Catt set a new best lap in his class! Lap: 2, time: 1:37.489.","session_time":334},{"id":48,"event_type":"laptime","message":{"caridx":12,"lapnum":2,"laptime_raw":97.953,"laptime":"Greg Barber - 1:37.953 [&nbsp;&nbsp;1 - 1:37.953]  - 45.0\u00b0C","laptype":2},"session_time":334},{"id":47,"event_type":"laptime","message":{"caridx":5,"lapnum":2,"laptime_raw":98.196,"laptime":"Teemu Vaskilampi - 1:38.196 [&nbsp;&nbsp;1 - 1:38.196]  - 45.0\u00b0C","laptype":0},"session_time":334},{"id":46,"event_type":"laptime","message":{"caridx":9,"lapnum":2,"laptime_raw":97.489,"laptime":"Anthony Catt - 1:37.489 [&nbsp;&nbsp;1 - 1:37.489]  - 45.0\u00b0C","laptype":2},"session_time":334},{"id":45,"event_type":"Best Lap","message":"#2 Julien AUFFRET set a new best lap in his class! Lap: 2, time: 1:37.536.","session_time":332},{"id":44,"event_type":"laptime","message":{"caridx":2,"lapnum":2,"laptime_raw":97.536,"laptime":"Julien AUFFRET - 1:37.536 [&nbsp;&nbsp;1 - 1:37.536]  - 45.0\u00b0C","laptype":2},"session_time":332},{"id":43,"event_type":"laptime","message":{"caridx":8,"lapnum":2,"laptime_raw":97.553,"laptime":"H\u00e5kon Grebstad - 1:37.553 [&nbsp;&nbsp;1 - 1:37.553]  - 45.0\u00b0C","laptype":2},"session_time":332},{"id":42,"event_type":"laptime","message":{"caridx":7,"lapnum":2,"laptime_raw":97.722,"laptime":"Sami J T\u00f6ykk\u00e4l\u00e4 - 1:37.722 [&nbsp;&nbsp;1 - 1:37.722]  - 45.0\u00b0C","laptype":2},"session_time":332},{"id":41,"event_type":"laptime","message":{"caridx":3,"lapnum":2,"laptime_raw":97.792,"laptime":"Sacha Gorl\u00e9 - 1:37.792 [&nbsp;&nbsp;1 - 1:37.792]  - 45.0\u00b0C","laptype":2},"session_time":332},{"id":40,"event_type":"Overtake","message":"#18 Mark Jeffery has overtaken #4 Enzo Canta for P18 in his class","session_time":329},{"id":39,"event_type":"Overtake","message":"#4 Enzo Canta has overtaken #18 Mark Jeffery for P18 in his class","session_time":282},{"id":38,"event_type":"Overtake","message":"#10 Kevin Henderson has overtaken #13 Juan Jose Diaz Salvado for P9 in his class","session_time":276},{"id":37,"event_type":"Pit Exit","message":"#15 Tim Auwema exited pit lane.","session_time":255},{"id":36,"event_type":"laptime","message":{"caridx":4,"lapnum":1,"laptime_raw":114.424,"laptime":"Enzo Canta - 1:54.424 [1 - reset ]  OUT 0.0 \/ 0.0 - 45.0\u00b0C","laptype":1},"session_time":245},{"id":35,"event_type":"laptime","message":{"caridx":18,"lapnum":1,"laptime_raw":113.548,"laptime":"Mark Jeffery - 1:53.548 [1 - reset ]  OUT 0.0 \/ 0.0 - 45.0\u00b0C","laptype":1},"session_time":245},{"id":34,"event_type":"laptime","message":{"caridx":19,"lapnum":1,"laptime_raw":112.152,"laptime":"Craig Deshon - 1:52.152 [1 - reset ]  OUT 0.0 \/ 0.0 - 45.0\u00b0C","laptype":1},"session_time":243},{"id":33,"event_type":"Pit Entry","message":"#15 Tim Auwema entered pit lane on lap 1.","session_time":243},{"id":32,"event_type":"laptime","message":{"caridx":17,"lapnum":1,"laptime_raw":111.335,"laptime":"Les Peck - 1:51.335 [1 - reset ]  OUT 0.0 \/ 0.0 - 45.0\u00b0C","laptype":1},"session_time":241},{"id":31,"event_type":"laptime","message":{"caridx":16,"lapnum":1,"laptime_raw":110.877,"laptime":"Luke Sweetnam - 1:50.877 [1 - reset ]  OUT 0.0 \/ 0.0 - 45.0\u00b0C","laptype":1},"session_time":241},{"id":30,"event_type":"laptime","message":{"caridx":20,"lapnum":1,"laptime_raw":110.288,"laptime":"Dan Haneveer - 1:50.288 [1 - reset ]  OUT 0.0 \/ 0.0 - 45.0\u00b0C","laptype":1},"session_time":241},{"id":29,"event_type":"laptime","message":{"caridx":14,"lapnum":1,"laptime_raw":108.784,"laptime":"Jon Scholtz - 1:48.784 [1 - reset ]  OUT 0.0 \/ 0.0 - 45.0\u00b0C","laptype":1},"session_time":239},{"id":28,"event_type":"laptime","message":{"caridx":6,"lapnum":1,"laptime_raw":108.43,"laptime":"Toshimasa Hanada - 1:48.430 [1 - reset ]  OUT 0.0 \/ 0.0 - 45.0\u00b0C","laptype":1},"session_time":239},{"id":27,"event_type":"laptime","message":{"caridx":1,"lapnum":1,"laptime_raw":108.155,"laptime":"Simon Edwards - 1:48.155 [1 - reset ]  OUT 0.0 \/ 0.0 - 45.0\u00b0C","laptype":1},"session_time":239},{"id":26,"event_type":"laptime","message":{"caridx":10,"lapnum":1,"laptime_raw":107.892,"laptime":"Kevin Henderson - 1:47.892 [1 - reset ]  OUT 0.0 \/ 0.0 - 45.0\u00b0C","laptype":1},"session_time":239},{"id":25,"event_type":"laptime","message":{"caridx":13,"lapnum":1,"laptime_raw":107.398,"laptime":"Juan Jose Diaz Salvado - 1:47.398 [1 - reset ]  OUT 0.0 \/ 0.0 - 45.0\u00b0C","laptype":1},"session_time":237},{"id":24,"event_type":"laptime","message":{"caridx":11,"lapnum":1,"laptime_raw":106.837,"laptime":"Benn Snell - 1:46.837 [1 - reset ]  OUT 0.0 \/ 0.0 - 45.0\u00b0C","laptype":1},"session_time":237},{"id":23,"event_type":"laptime","message":{"caridx":12,"lapnum":1,"laptime_raw":106.387,"laptime":"Greg Barber - 1:46.387 [1 - reset ]  OUT 0.0 \/ 0.0 - 45.0\u00b0C","laptype":1},"session_time":237},{"id":22,"event_type":"laptime","message":{"caridx":5,"lapnum":1,"laptime_raw":105.629,"laptime":"Teemu Vaskilampi - 1:45.629 [1 - reset ]  OUT 0.0 \/ 0.0 - 45.0\u00b0C","laptype":1},"session_time":235},{"id":21,"event_type":"laptime","message":{"caridx":9,"lapnum":1,"laptime_raw":105.216,"laptime":"Anthony Catt - 1:45.216 [1 - reset ]  OUT 0.0 \/ 0.0 - 45.0\u00b0C","laptype":1},"session_time":235},{"id":20,"event_type":"laptime","message":{"caridx":2,"lapnum":1,"laptime_raw":104.832,"laptime":"Julien AUFFRET - 1:44.832 [1 - reset ]  OUT 0.0 \/ 0.0 - 45.0\u00b0C","laptype":1},"session_time":235},{"id":19,"event_type":"laptime","message":{"caridx":8,"lapnum":1,"laptime_raw":104.619,"laptime":"H\u00e5kon Grebstad - 1:44.619 [1 - reset ]  OUT 0.0 \/ 0.0 - 45.0\u00b0C","laptype":1},"session_time":235},{"id":18,"event_type":"laptime","message":{"caridx":7,"lapnum":1,"laptime_raw":104.324,"laptime":"Sami J T\u00f6ykk\u00e4l\u00e4 - 1:44.324 [1 - reset ]  OUT 0.0 \/ 0.0 - 45.0\u00b0C","laptype":1},"session_time":235},{"id":17,"event_type":"laptime","message":{"caridx":3,"lapnum":1,"laptime_raw":104.084,"laptime":"Sacha Gorl\u00e9 - 1:44.084 [1 - reset ]  OUT 0.0 \/ 0.0 - 45.0\u00b0C","laptype":1},"session_time":235},{"id":16,"event_type":"Overtake","message":"#4 Enzo Canta has overtaken #15 Tim Auwema for P19 in his class","session_time":229},{"id":15,"event_type":"Overtake","message":"#18 Mark Jeffery has overtaken #15 Tim Auwema for P18 in his class","session_time":228},{"id":14,"event_type":"Overtake","message":"#19 Craig Deshon has overtaken #15 Tim Auwema for P17 in his class","session_time":227},{"id":13,"event_type":"3-wide","message":"#15, #18 and #4 are in 3-wide.","session_time":227},{"id":12,"event_type":"3-wide","message":"#5, #12 and #11 are in 3-wide.","session_time":164},{"id":11,"event_type":"Overtake","message":"#2 Julien AUFFRET has overtaken #9 Anthony Catt for P4 in his class","session_time":163},{"id":10,"event_type":"Overtake","message":"#9 Anthony Catt has overtaken #2 Julien AUFFRET for P4 in his class","session_time":160},{"id":9,"event_type":"Overtake","message":"#18 Mark Jeffery has overtaken #4 Enzo Canta for P19 in his class","session_time":148},{"id":8,"event_type":"Overtake","message":"#19 Craig Deshon has overtaken #4 Enzo Canta for P18 in his class","session_time":147},{"id":7,"event_type":"Overtake","message":"#1 Simon Edwards has overtaken #4 Enzo Canta for P11 in his class","session_time":144},{"id":6,"event_type":"Overtake","message":"#10 Kevin Henderson has overtaken #4 Enzo Canta for P10 in his class","session_time":143},{"id":5,"event_type":"Overtake","message":"#19 Craig Deshon has overtaken #18 Mark Jeffery for P19 in his class","session_time":141},{"id":4,"event_type":"3-wide","message":"#20, #16 and #17 are in 3-wide.","session_time":139},{"id":3,"event_type":"Overtake","message":"#18 Mark Jeffery has overtaken #19 Craig Deshon for P19 in his class","session_time":137},{"id":2,"event_type":"Overtake","message":"#3 Sacha Gorl\u00e9 has overtaken #11 Benn Snell for P1 in his class","session_time":130},{"id":1,"event_type":"Overtake","message":"#16 Luke Sweetnam has overtaken #7 Sami J T\u00f6ykk\u00e4l\u00e4 for P10 in his class","session_time":130},{"id":0,"event_type":"Green Flag","message":"GREEN GREEN GREEN !","session_time":128}]