[{"id":299,"event_type":"laptime","message":{"caridx":11,"lapnum":12,"laptime_raw":98.267,"laptime":"Benn Snell - 1:38.267 [11 - 1:37.867]  - 43.3\u00b0C","laptype":0},"session_time":1314},{"id":298,"event_type":"laptime","message":{"caridx":1,"lapnum":12,"laptime_raw":97.392,"laptime":"Simon Edwards - 1:37.392 [11 - 1:37.703]  - 43.3\u00b0C","laptype":0},"session_time":1314},{"id":297,"event_type":"laptime","message":{"caridx":6,"lapnum":12,"laptime_raw":96.833,"laptime":"Toshimasa Hanada - 1:36.833 [11 - 1:37.339]  - 43.3\u00b0C","laptype":0},"session_time":1310},{"id":296,"event_type":"laptime","message":{"caridx":10,"lapnum":12,"laptime_raw":96.993,"laptime":"Kevin Henderson - 1:36.993 [11 - 1:37.352]  - 43.3\u00b0C","laptype":0},"session_time":1310},{"id":295,"event_type":"3-wide","message":"#3, #8 and #7 are in 3-wide.","session_time":1308},{"id":294,"event_type":"laptime","message":{"caridx":5,"lapnum":12,"laptime_raw":97.098,"laptime":"Teemu Vaskilampi - 1:37.098 [11 - 1:37.075]  - 43.3\u00b0C","laptype":0},"session_time":1304},{"id":293,"event_type":"laptime","message":{"caridx":9,"lapnum":12,"laptime_raw":96.866,"laptime":"Anthony Catt - 1:36.866 [11 - 1:36.832]  - 43.3\u00b0C","laptype":0},"session_time":1302},{"id":292,"event_type":"laptime","message":{"caridx":7,"lapnum":12,"laptime_raw":97.242,"laptime":"Sami J T\u00f6ykk\u00e4l\u00e4 - 1:37.242 [11 - 1:36.884]  - 43.3\u00b0C","laptype":0},"session_time":1300},{"id":291,"event_type":"laptime","message":{"caridx":8,"lapnum":12,"laptime_raw":96.764,"laptime":"H\u00e5kon Grebstad - 1:36.764 [11 - 1:36.836]  - 43.3\u00b0C","laptype":0},"session_time":1300},{"id":290,"event_type":"laptime","message":{"caridx":3,"lapnum":12,"laptime_raw":97.397,"laptime":"Sacha Gorl\u00e9 - 1:37.397 [11 - 1:36.866]  - 43.3\u00b0C","laptype":0},"session_time":1300},{"id":289,"event_type":"laptime","message":{"caridx":2,"lapnum":12,"laptime_raw":97.171,"laptime":"Julien AUFFRET - 1:37.171 [11 - 1:36.788]  - 43.3\u00b0C","laptype":0},"session_time":1300},{"id":288,"event_type":"laptime","message":{"caridx":12,"lapnum":11,"laptime_raw":96.548,"laptime":"Greg Barber - 1:36.548 [&nbsp;&nbsp;2 - 1:36.719]  - 43.3\u00b0C","laptype":2},"session_time":1290},{"id":287,"event_type":"Overtake","message":"#1 Simon Edwards has overtaken #11 Benn Snell for P9 in his class","session_time":1275},{"id":286,"event_type":"Overtake","message":"#8 H\u00e5kon Grebstad has overtaken #7 Sami J T\u00f6ykk\u00e4l\u00e4 for P3 in his class","session_time":1273},{"id":285,"event_type":"Overtake","message":"#11 Benn Snell has overtaken #1 Simon Edwards for P9 in his class","session_time":1272},{"id":284,"event_type":"Overtake","message":"#1 Simon Edwards has overtaken #11 Benn Snell for P9 in his class","session_time":1267},{"id":283,"event_type":"laptime","message":{"caridx":20,"lapnum":11,"laptime_raw":99.34,"laptime":"Dan Haneveer - 1:39.340 [10 - 1:40.504]  - 43.3\u00b0C","laptype":0},"session_time":1246},{"id":282,"event_type":"laptime","message":{"caridx":4,"lapnum":11,"laptime_raw":96.58,"laptime":"Enzo Canta - 1:36.580 [&nbsp;&nbsp;8 - 1:37.046]  - 43.3\u00b0C","laptype":2},"session_time":1242},{"id":281,"event_type":"laptime","message":{"caridx":19,"lapnum":11,"laptime_raw":99.771,"laptime":"Craig Deshon - 1:39.771 [10 - 1:39.213]  - 43.3\u00b0C","laptype":0},"session_time":1236},{"id":280,"event_type":"laptime","message":{"caridx":18,"lapnum":11,"laptime_raw":98.685,"laptime":"Mark Jeffery - 1:38.685 [10 - 1:39.014]  - 43.3\u00b0C","laptype":0},"session_time":1236},{"id":279,"event_type":"Overtake","message":"#2 Julien AUFFRET has overtaken #3 Sacha Gorl\u00e9 for P1 in his class","session_time":1234},{"id":278,"event_type":"New Leader","message":"#2 Julien AUFFRET is now leading his class!","session_time":1234},{"id":277,"event_type":"laptime","message":{"caridx":17,"lapnum":11,"laptime_raw":97.832,"laptime":"Les Peck - 1:37.832 [10 - 1:38.810]  - 43.3\u00b0C","laptype":0},"session_time":1232},{"id":276,"event_type":"laptime","message":{"caridx":16,"lapnum":11,"laptime_raw":97.543,"laptime":"Luke Sweetnam - 1:37.543 [10 - 1:38.707]  - 43.3\u00b0C","laptype":2},"session_time":1230},{"id":275,"event_type":"Overtake","message":"#3 Sacha Gorl\u00e9 has overtaken #2 Julien AUFFRET for P1 in his class","session_time":1229},{"id":274,"event_type":"New Leader","message":"#3 Sacha Gorl\u00e9 is now leading his class!","session_time":1229},{"id":273,"event_type":"laptime","message":{"caridx":13,"lapnum":11,"laptime_raw":96.777,"laptime":"Juan Jose Diaz Salvado - 1:36.777 [10 - 1:38.891]  - 43.3\u00b0C","laptype":2},"session_time":1227},{"id":272,"event_type":"Overtake","message":"#2 Julien AUFFRET has overtaken #3 Sacha Gorl\u00e9 for P1 in his class","session_time":1221},{"id":271,"event_type":"New Leader","message":"#2 Julien AUFFRET is now leading his class!","session_time":1221},{"id":270,"event_type":"laptime","message":{"caridx":1,"lapnum":11,"laptime_raw":97.178,"laptime":"Simon Edwards - 1:37.178 [10 - 1:37.734]  - 43.3\u00b0C","laptype":0},"session_time":1217},{"id":269,"event_type":"laptime","message":{"caridx":11,"lapnum":11,"laptime_raw":96.609,"laptime":"Benn Snell - 1:36.609 [10 - 1:37.827]  - 43.3\u00b0C","laptype":2},"session_time":1217},{"id":268,"event_type":"laptime","message":{"caridx":6,"lapnum":11,"laptime_raw":96.837,"laptime":"Toshimasa Hanada - 1:36.837 [10 - 1:37.390]  - 43.3\u00b0C","laptype":0},"session_time":1213},{"id":267,"event_type":"laptime","message":{"caridx":10,"lapnum":11,"laptime_raw":97.011,"laptime":"Kevin Henderson - 1:37.011 [10 - 1:37.388]  - 43.3\u00b0C","laptype":0},"session_time":1211},{"id":266,"event_type":"laptime","message":{"caridx":5,"lapnum":11,"laptime_raw":96.808,"laptime":"Teemu Vaskilampi - 1:36.808 [10 - 1:37.073]  - 43.3\u00b0C","laptype":0},"session_time":1207},{"id":265,"event_type":"laptime","message":{"caridx":9,"lapnum":11,"laptime_raw":96.647,"laptime":"Anthony Catt - 1:36.647 [10 - 1:36.829]  - 43.3\u00b0C","laptype":0},"session_time":1203},{"id":264,"event_type":"laptime","message":{"caridx":8,"lapnum":11,"laptime_raw":96.506,"laptime":"H\u00e5kon Grebstad - 1:36.506 [10 - 1:36.844]  - 43.3\u00b0C","laptype":0},"session_time":1203},{"id":263,"event_type":"laptime","message":{"caridx":7,"lapnum":11,"laptime_raw":96.397,"laptime":"Sami J T\u00f6ykk\u00e4l\u00e4 - 1:36.397 [10 - 1:36.849]  - 43.3\u00b0C","laptype":0},"session_time":1203},{"id":262,"event_type":"laptime","message":{"caridx":2,"lapnum":11,"laptime_raw":96.157,"laptime":"Julien AUFFRET - 1:36.157 [10 - 1:36.750]  - 43.3\u00b0C","laptype":2},"session_time":1203},{"id":261,"event_type":"laptime","message":{"caridx":3,"lapnum":11,"laptime_raw":96.235,"laptime":"Sacha Gorl\u00e9 - 1:36.235 [10 - 1:36.813]  - 43.3\u00b0C","laptype":0},"session_time":1203},{"id":260,"event_type":"laptime","message":{"caridx":12,"lapnum":10,"laptime_raw":96.889,"laptime":"Greg Barber - 1:36.889 [&nbsp;&nbsp;1 - 1:36.889]  - 43.3\u00b0C","laptype":2},"session_time":1193},{"id":259,"event_type":"Overtake","message":"#18 Mark Jeffery has overtaken #19 Craig Deshon for P14 in his class","session_time":1177},{"id":258,"event_type":"Overtake","message":"#19 Craig Deshon has overtaken #18 Mark Jeffery for P14 in his class","session_time":1162},{"id":257,"event_type":"Overtake","message":"#18 Mark Jeffery has overtaken #19 Craig Deshon for P14 in his class","session_time":1158},{"id":256,"event_type":"laptime","message":{"caridx":20,"lapnum":10,"laptime_raw":99.957,"laptime":"Dan Haneveer - 1:39.957 [&nbsp;&nbsp;9 - 1:40.633]  - 43.3\u00b0C","laptype":0},"session_time":1147},{"id":255,"event_type":"laptime","message":{"caridx":4,"lapnum":10,"laptime_raw":96.665,"laptime":"Enzo Canta - 1:36.665 [&nbsp;&nbsp;7 - 1:37.112]  - 43.3\u00b0C","laptype":2},"session_time":1145},{"id":254,"event_type":"laptime","message":{"caridx":12,"lapnum":9,"laptime_raw":-1,"laptime":"Greg Barber - -- [0 - reset ]  OUT 166.0 \/ 158.5 - 43.3\u00b0C","laptype":1},"session_time":1143},{"id":253,"event_type":"Overtake","message":"#11 Benn Snell has overtaken #1 Simon Edwards for P9 in his class","session_time":1141},{"id":252,"event_type":"laptime","message":{"caridx":18,"lapnum":10,"laptime_raw":97.903,"laptime":"Mark Jeffery - 1:37.903 [&nbsp;&nbsp;9 - 1:39.051]  - 43.3\u00b0C","laptype":2},"session_time":1137},{"id":251,"event_type":"laptime","message":{"caridx":19,"lapnum":10,"laptime_raw":98.667,"laptime":"Craig Deshon - 1:38.667 [&nbsp;&nbsp;9 - 1:39.150]  - 43.3\u00b0C","laptype":0},"session_time":1135},{"id":250,"event_type":"laptime","message":{"caridx":17,"lapnum":10,"laptime_raw":97.673,"laptime":"Les Peck - 1:37.673 [&nbsp;&nbsp;9 - 1:38.919]  - 43.3\u00b0C","laptype":2},"session_time":1133},{"id":249,"event_type":"laptime","message":{"caridx":16,"lapnum":10,"laptime_raw":98.088,"laptime":"Luke Sweetnam - 1:38.088 [&nbsp;&nbsp;9 - 1:38.837]  - 43.3\u00b0C","laptype":2},"session_time":1131},{"id":248,"event_type":"laptime","message":{"caridx":13,"lapnum":10,"laptime_raw":97.139,"laptime":"Juan Jose Diaz Salvado - 1:37.139 [&nbsp;&nbsp;9 - 1:39.126]  - 43.3\u00b0C","laptype":0},"session_time":1131},{"id":247,"event_type":"laptime","message":{"caridx":11,"lapnum":10,"laptime_raw":97.258,"laptime":"Benn Snell - 1:37.258 [&nbsp;&nbsp;9 - 1:37.962]  - 43.3\u00b0C","laptype":0},"session_time":1121},{"id":246,"event_type":"laptime","message":{"caridx":1,"lapnum":10,"laptime_raw":97.251,"laptime":"Simon Edwards - 1:37.251 [&nbsp;&nbsp;9 - 1:37.796]  - 43.3\u00b0C","laptype":0},"session_time":1119},{"id":245,"event_type":"laptime","message":{"caridx":6,"lapnum":10,"laptime_raw":97.403,"laptime":"Toshimasa Hanada - 1:37.403 [&nbsp;&nbsp;9 - 1:37.451]  - 43.3\u00b0C","laptype":0},"session_time":1117},{"id":244,"event_type":"laptime","message":{"caridx":10,"lapnum":10,"laptime_raw":96.979,"laptime":"Kevin Henderson - 1:36.979 [&nbsp;&nbsp;9 - 1:37.430]  - 43.3\u00b0C","laptype":0},"session_time":1117},{"id":243,"event_type":"laptime","message":{"caridx":5,"lapnum":10,"laptime_raw":96.968,"laptime":"Teemu Vaskilampi - 1:36.968 [&nbsp;&nbsp;9 - 1:37.102]  - 43.3\u00b0C","laptype":0},"session_time":1111},{"id":242,"event_type":"laptime","message":{"caridx":9,"lapnum":10,"laptime_raw":96.24,"laptime":"Anthony Catt - 1:36.240 [&nbsp;&nbsp;9 - 1:36.849]  - 43.3\u00b0C","laptype":0},"session_time":1109},{"id":241,"event_type":"laptime","message":{"caridx":8,"lapnum":10,"laptime_raw":96.284,"laptime":"H\u00e5kon Grebstad - 1:36.284 [&nbsp;&nbsp;9 - 1:36.881]  - 43.3\u00b0C","laptype":0},"session_time":1109},{"id":240,"event_type":"laptime","message":{"caridx":7,"lapnum":10,"laptime_raw":96.62,"laptime":"Sami J T\u00f6ykk\u00e4l\u00e4 - 1:36.620 [&nbsp;&nbsp;9 - 1:36.899]  - 43.3\u00b0C","laptype":0},"session_time":1109},{"id":239,"event_type":"laptime","message":{"caridx":2,"lapnum":10,"laptime_raw":96.712,"laptime":"Julien AUFFRET - 1:36.712 [&nbsp;&nbsp;9 - 1:36.816]  - 43.3\u00b0C","laptype":0},"session_time":1109},{"id":238,"event_type":"laptime","message":{"caridx":3,"lapnum":10,"laptime_raw":96.828,"laptime":"Sacha Gorl\u00e9 - 1:36.828 [&nbsp;&nbsp;9 - 1:36.878]  - 43.3\u00b0C","laptype":0},"session_time":1106},{"id":237,"event_type":"Overtake","message":"#4 Enzo Canta has overtaken #20 Dan Haneveer for P16 in his class","session_time":1089},{"id":236,"event_type":"laptime","message":{"caridx":4,"lapnum":9,"laptime_raw":96.735,"laptime":"Enzo Canta - 1:36.735 [&nbsp;&nbsp;6 - 1:37.187]  - 43.3\u00b0C","laptype":2},"session_time":1048},{"id":235,"event_type":"laptime","message":{"caridx":12,"lapnum":8,"laptime_raw":-1,"laptime":"Greg Barber - -- [0 - reset ]  OUT 166.0 \/ 158.5 - 43.3\u00b0C","laptype":1},"session_time":1046},{"id":234,"event_type":"laptime","message":{"caridx":20,"lapnum":9,"laptime_raw":99.394,"laptime":"Dan Haneveer - 1:39.394 [&nbsp;&nbsp;8 - 1:40.718]  - 43.3\u00b0C","laptype":0},"session_time":1046},{"id":233,"event_type":"laptime","message":{"caridx":18,"lapnum":9,"laptime_raw":98.542,"laptime":"Mark Jeffery - 1:38.542 [&nbsp;&nbsp;8 - 1:39.194]  - 43.3\u00b0C","laptype":2},"session_time":1038},{"id":232,"event_type":"laptime","message":{"caridx":19,"lapnum":9,"laptime_raw":98.658,"laptime":"Craig Deshon - 1:38.658 [&nbsp;&nbsp;8 - 1:39.211]  - 43.3\u00b0C","laptype":2},"session_time":1036},{"id":231,"event_type":"laptime","message":{"caridx":17,"lapnum":9,"laptime_raw":98.098,"laptime":"Les Peck - 1:38.098 [&nbsp;&nbsp;8 - 1:39.074]  - 43.3\u00b0C","laptype":2},"session_time":1034},{"id":230,"event_type":"laptime","message":{"caridx":13,"lapnum":9,"laptime_raw":96.94,"laptime":"Juan Jose Diaz Salvado - 1:36.940 [&nbsp;&nbsp;8 - 1:39.374]  - 43.3\u00b0C","laptype":0},"session_time":1034},{"id":229,"event_type":"laptime","message":{"caridx":16,"lapnum":9,"laptime_raw":98.134,"laptime":"Luke Sweetnam - 1:38.134 [&nbsp;&nbsp;8 - 1:38.930]  - 43.3\u00b0C","laptype":2},"session_time":1034},{"id":228,"event_type":"Overtake","message":"#13 Juan Jose Diaz Salvado has overtaken #16 Luke Sweetnam for P11 in his class","session_time":1032},{"id":227,"event_type":"laptime","message":{"caridx":11,"lapnum":9,"laptime_raw":96.984,"laptime":"Benn Snell - 1:36.984 [&nbsp;&nbsp;8 - 1:38.050]  - 43.3\u00b0C","laptype":2},"session_time":1022},{"id":226,"event_type":"laptime","message":{"caridx":1,"lapnum":9,"laptime_raw":97.201,"laptime":"Simon Edwards - 1:37.201 [&nbsp;&nbsp;8 - 1:37.864]  - 43.3\u00b0C","laptype":0},"session_time":1022},{"id":225,"event_type":"laptime","message":{"caridx":6,"lapnum":9,"laptime_raw":97.075,"laptime":"Toshimasa Hanada - 1:37.075 [&nbsp;&nbsp;8 - 1:37.458]  - 43.3\u00b0C","laptype":0},"session_time":1020},{"id":224,"event_type":"laptime","message":{"caridx":10,"lapnum":9,"laptime_raw":97.076,"laptime":"Kevin Henderson - 1:37.076 [&nbsp;&nbsp;8 - 1:37.486]  - 43.3\u00b0C","laptype":0},"session_time":1020},{"id":223,"event_type":"laptime","message":{"caridx":5,"lapnum":9,"laptime_raw":97.211,"laptime":"Teemu Vaskilampi - 1:37.211 [&nbsp;&nbsp;8 - 1:37.119]  - 43.3\u00b0C","laptype":0},"session_time":1014},{"id":222,"event_type":"Best Lap","message":"#7 Sami J T\u00f6ykk\u00e4l\u00e4 set a new best lap in his class! Lap: 9, time: 1:36.104.","session_time":1013},{"id":221,"event_type":"laptime","message":{"caridx":9,"lapnum":9,"laptime_raw":96.213,"laptime":"Anthony Catt - 1:36.213 [&nbsp;&nbsp;8 - 1:36.925]  - 43.3\u00b0C","laptype":2},"session_time":1012},{"id":220,"event_type":"laptime","message":{"caridx":8,"lapnum":9,"laptime_raw":96.196,"laptime":"H\u00e5kon Grebstad - 1:36.196 [&nbsp;&nbsp;8 - 1:36.956]  - 43.3\u00b0C","laptype":2},"session_time":1012},{"id":219,"event_type":"laptime","message":{"caridx":7,"lapnum":9,"laptime_raw":96.104,"laptime":"Sami J T\u00f6ykk\u00e4l\u00e4 - 1:36.104 [&nbsp;&nbsp;8 - 1:36.933]  - 43.3\u00b0C","laptype":2},"session_time":1012},{"id":218,"event_type":"Best Lap","message":"#3 Sacha Gorl\u00e9 set a new best lap in his class! Lap: 9, time: 1:36.215.","session_time":1011},{"id":217,"event_type":"laptime","message":{"caridx":2,"lapnum":9,"laptime_raw":96.281,"laptime":"Julien AUFFRET - 1:36.281 [&nbsp;&nbsp;8 - 1:36.829]  - 43.3\u00b0C","laptype":2},"session_time":1010},{"id":216,"event_type":"laptime","message":{"caridx":3,"lapnum":9,"laptime_raw":96.215,"laptime":"Sacha Gorl\u00e9 - 1:36.215 [&nbsp;&nbsp;8 - 1:36.884]  - 43.3\u00b0C","laptype":2},"session_time":1010},{"id":215,"event_type":"Overtake","message":"#12 Greg Barber has overtaken #14 Jon Scholtz for P18 in his class","session_time":998},{"id":214,"event_type":"Pit Exit","message":"#12 Greg Barber exited pit lane.","session_time":998},{"id":213,"event_type":"laptime","message":{"caridx":4,"lapnum":8,"laptime_raw":96.928,"laptime":"Enzo Canta - 1:36.928 [&nbsp;&nbsp;5 - 1:37.277]  - 43.3\u00b0C","laptype":0},"session_time":951},{"id":212,"event_type":"laptime","message":{"caridx":20,"lapnum":8,"laptime_raw":99.147,"laptime":"Dan Haneveer - 1:39.147 [&nbsp;&nbsp;7 - 1:40.907]  - 43.3\u00b0C","laptype":0},"session_time":947},{"id":211,"event_type":"Pit Exit","message":"#14 Jon Scholtz exited pit lane.","session_time":947},{"id":210,"event_type":"laptime","message":{"caridx":18,"lapnum":8,"laptime_raw":99.362,"laptime":"Mark Jeffery - 1:39.362 [&nbsp;&nbsp;7 - 1:39.288]  - 43.9\u00b0C","laptype":0},"session_time":939},{"id":209,"event_type":"laptime","message":{"caridx":19,"lapnum":8,"laptime_raw":98.781,"laptime":"Craig Deshon - 1:38.781 [&nbsp;&nbsp;7 - 1:39.290]  - 43.9\u00b0C","laptype":2},"session_time":937},{"id":208,"event_type":"laptime","message":{"caridx":17,"lapnum":8,"laptime_raw":98.747,"laptime":"Les Peck - 1:38.747 [&nbsp;&nbsp;7 - 1:39.214]  - 43.9\u00b0C","laptype":0},"session_time":937},{"id":207,"event_type":"laptime","message":{"caridx":13,"lapnum":8,"laptime_raw":97.475,"laptime":"Juan Jose Diaz Salvado - 1:37.475 [&nbsp;&nbsp;7 - 1:39.722]  - 43.9\u00b0C","laptype":0},"session_time":937},{"id":206,"event_type":"laptime","message":{"caridx":16,"lapnum":8,"laptime_raw":98.953,"laptime":"Luke Sweetnam - 1:38.953 [&nbsp;&nbsp;7 - 1:39.044]  - 43.9\u00b0C","laptype":0},"session_time":935},{"id":205,"event_type":"laptime","message":{"caridx":11,"lapnum":8,"laptime_raw":97.53,"laptime":"Benn Snell - 1:37.530 [&nbsp;&nbsp;7 - 1:38.203]  - 43.9\u00b0C","laptype":0},"session_time":925},{"id":204,"event_type":"laptime","message":{"caridx":1,"lapnum":8,"laptime_raw":101.016,"laptime":"Simon Edwards - 1:41.016 [&nbsp;&nbsp;7 - 1:37.959]  - 43.9\u00b0C","laptype":0},"session_time":925},{"id":203,"event_type":"Pit Entry","message":"#14 Jon Scholtz entered pit lane on lap 8.","session_time":923},{"id":202,"event_type":"laptime","message":{"caridx":6,"lapnum":8,"laptime_raw":97.461,"laptime":"Toshimasa Hanada - 1:37.461 [&nbsp;&nbsp;7 - 1:37.512]  - 43.9\u00b0C","laptype":0},"session_time":921},{"id":201,"event_type":"laptime","message":{"caridx":10,"lapnum":8,"laptime_raw":97.563,"laptime":"Kevin Henderson - 1:37.563 [&nbsp;&nbsp;7 - 1:37.545]  - 43.9\u00b0C","laptype":0},"session_time":921},{"id":200,"event_type":"laptime","message":{"caridx":5,"lapnum":8,"laptime_raw":97.694,"laptime":"Teemu Vaskilampi - 1:37.694 [&nbsp;&nbsp;7 - 1:37.106]  - 43.9\u00b0C","laptype":0},"session_time":917}]